Time[min];Temperature[°C];Power[W];Observer state Temperature[°C];Observer state Power[W];Observer state Ambient temperature[°C]
0.01;0.0;1700.0;15.0;0.0;22.0
0.18;38.8;1700.0;26.867490870858045;131.91629381895362;22.0
0.34;38.9;1700.0;34.293219368199;237.10424533470885;22.0
0.51;39.1;464.0;37.388818592676564;306.6730059412922;22.0
0.68;39.2;0.0;38.52684950309289;305.0094980429919;22.0
0.84;39.2;0.0;38.98154154384312;295.6309385010828;22.0
1.01;39.4;0.0;39.20725516610363;285.5319333825452;22.0
1.18;39.5;0.0;39.36202186152267;275.48390534072945;22.0
1.34;39.6;0.0;39.48778290124306;265.68127804561027;22.0
1.51;39.7;0.0;39.582686775313725;257.0881816834753;22.0
1.68;39.7;0.0;39.665326279177044;247.78020575108854;22.0
1.84;39.8;0.0;39.74543866125793;238.80163687963045;22.0
2.01;39.9;0.0;39.84228639126209;230.26812858911188;22.0
2.18;40.0;0.0;39.94028941336371;222.06031854016913;22.0
2.34;40.1;0.0;40.036334641808345;214.16665727539814;22.0
2.51;40.1;0.0;40.0880152867794;206.3594248496682;22.0
2.68;40.2;0.0;40.14205233799941;199.62482495392894;22.0
2.84;40.3;0.0;40.22060379440903;192.51015644368962;22.0
3.01;40.4;0.0;40.28935813764634;185.62035823275687;22.0
3.18;40.4;0.0;40.35953826476835;178.99444506068255;22.0
3.34;40.5;0.0;40.44030839960495;172.6835541359496;22.0
3.51;40.6;0.0;40.47550560163666;166.39091567229158;22.0
3.68;40.6;0.0;40.55255853329965;160.54530147023615;22.0
3.84;40.7;0.0;40.597627583696884;154.7639242456542;22.0
4.01;40.7;0.0;40.639178222355866;149.76429712610184;22.0
4.18;40.7;0.0;40.672564727399006;144.3389927138836;22.0
4.34;40.8;0.0;40.70907553865617;139.14465909508723;22.0
4.51;40.8;0.0;40.75089544571796;134.17524250701837;22.0
4.68;40.8;0.0;40.774863327373524;129.30380373247468;22.0
4.84;40.8;0.0;40.782559019029435;124.54467545248903;22.0
5.01;40.9;0.0;40.84649937802401;120.24495301891872;22.0
5.18;40.9;0.0;40.87034940046242;116.34901235118446;22.0
5.34;41.0;0.0;40.925678879991445;112.32338227728812;22.0
5.51;41.0;0.0;40.95985648339111;108.3479971491402;22.0
5.68;41.0;0.0;40.975056798961184;104.4278980537013;22.0
5.84;41.0;0.0;40.97985266530659;100.61129833366498;22.0
6.01;41.0;0.0;40.98110528846966;96.92389872941841;22.0
6.18;41.0;0.0;40.98115792354694;93.37218269615826;22.0
6.34;41.0;0.0;40.9900245934424;90.33498510228208;22.0
6.51;41.1;0.0;41.04099706726688;87.28723487955025;22.0
6.68;41.1;0.0;41.0663393283327;84.22685462541799;22.0
6.84;41.2;0.0;41.113393586554025;81.39532797121842;22.0
7.01;41.2;0.0;41.14516973625855;78.5971789370558;22.0
7.18;41.1;0.0;41.16677434457855;75.85068598762024;22.0
7.34;41.2;0.0;41.17001374352194;73.12599143942548;22.0
7.51;41.2;0.0;41.1685254547159;70.7404965050732;22.0
7.68;41.2;0.0;41.17394769511043;68.21946865912658;22.0
7.84;41.2;0.0;41.17554403584921;65.78008298414085;22.0
8.01;41.2;0.0;41.17584178685274;63.42899265078512;22.0
8.18;41.2;0.0;41.1757037051378;61.16393615786413;22.0
8.34;41.2;0.0;41.17542472030817;58.98125071284969;22.0
8.51;41.2;2.0;41.17510710597064;56.88954775024569;22.0
8.68;41.2;7.0;41.1748214776191;55.18641664538472;22.0
8.84;41.2;13.0;41.174534878929606;53.65063131216964;22.0
9.01;41.2;20.0;41.17429700594658;52.4751679341583;22.0
9.18;41.2;26.0;41.174113217324596;51.6555378356007;22.0
9.34;41.2;33.0;41.17398460624356;51.183260214403305;22.0
9.51;41.2;40.0;41.17391077025783;51.0540513390217;22.0
9.68;41.2;48.0;41.17389117888246;51.255259278590074;22.0
9.84;41.2;25.0;41.17391503298318;51.97773329580783;22.0
10.01;41.2;153.0;41.17401720465543;53.66462476036106;22.0
10.18;41.2;309.0;41.174588547068154;62.099313918656534;22.0
10.34;41.2;447.0;41.17605352519219;77.34750574670649;22.0
10.51;41.2;562.0;41.17846948983619;98.22301536645782;22.0
10.68;41.2;656.0;41.18173032917545;123.50401703949959;22.0
10.84;41.2;734.0;41.185667015645286;152.00196299029773;22.0
11.01;41.2;803.0;41.1901255079562;182.9294158664618;22.0
11.18;41.2;853.0;41.19448800717904;212.39576241021618;22.0
11.35;41.2;917.0;41.199643910937695;246.76955886179775;22.0
11.51;41.2;986.0;41.205085332711505;282.7845636055662;22.0
11.68;41.2;1061.0;41.21079287364021;320.5292920746795;22.0
11.85;41.3;1077.0;41.23700528334053;359.27418103244946;22.0
12.01;41.3;1052.0;41.27935453872385;397.03845743405316;22.0
12.18;41.3;1077.0;41.308397942222236;433.14428124296734;22.0
12.35;41.3;1107.0;41.32601503671978;465.2781695242754;22.0
12.51;41.3;1168.0;41.33679582097592;502.1285330707922;22.0
12.68;41.4;1233.0;41.36175571203679;540.9264249208253;22.0
12.85;41.4;1158.0;41.41880893754309;578.4629880417768;22.0
13.01;41.4;1160.0;41.44584210124802;611.941569573128;22.0
13.18;41.4;1223.0;41.45860802748327;646.2569706516781;22.0
13.35;41.5;1300.0;41.484114463989144;683.1273011436567;22.0
13.51;41.5;1229.0;41.541093834625144;715.1061254946557;22.0
13.68;41.6;1253.0;41.59493448082932;747.500806478862;22.0
13.85;41.6;1156.0;41.654880861600795;776.6652898598678;22.0
14.01;41.7;1142.0;41.725601424584795;803.4249542252659;22.0
14.18;41.7;1134.0;41.7707121774969;827.2142221428624;22.0
14.35;41.8;1232.0;41.81609164204338;852.5957524740331;22.0
14.51;41.9;1146.0;41.90673678450801;877.6302307421817;22.0
14.68;42.0;1089.0;41.97767676680603;895.4830802339856;22.0
14.85;42.1;1026.0;42.082479582051135;912.1126291489943;22.0
15.01;42.1;968.0;42.162365202831076;925.0575463175394;22.0
15.18;42.2;1059.0;42.22226258638504;937.8606630790952;22.0
15.35;42.3;1010.0;42.31732473061246;952.2267306551701;22.0
15.51;42.4;987.0;42.40034399982379;963.6951828104579;22.0
15.68;42.5;989.0;42.477178119976124;973.9369722221154;22.0
15.85;42.5;984.0;42.56631204358613;984.5338765868211;22.0
16.01;42.6;962.0;42.65709336365445;993.0490577703134;22.0
16.18;42.7;931.0;42.756757022222104;1000.8104887470134;22.0
16.35;42.8;955.0;42.841245983185914;1008.1871990894792;22.0
16.51;42.9;1044.0;42.89525221356137;1015.6261997198324;22.0
16.68;43.0;945.0;43.02169010996396;1026.3213664887542;22.0
16.85;43.1;942.0;43.10561399335008;1032.0459809585086;22.0
17.01;43.2;933.0;43.21244624740589;1037.8344077893048;22.0
17.18;43.2;945.0;43.29345076410087;1042.0333511863146;22.0
17.35;43.4;948.0;43.3878120823032;1046.8065016496676;22.0
17.51;43.5;900.0;43.49936853554744;1051.1063496745887;22.0
17.68;43.5;945.0;43.5842203685775;1053.4169960472104;22.0
17.85;43.7;972.0;43.67105856230628;1057.7393917206261;22.0
18.01;43.7;947.0;43.775119391182685;1062.1732327909515;22.0
18.18;43.9;892.0;43.89025697225468;1065.824281356639;22.0
18.35;43.9;839.0;43.97665771465886;1067.070412195905;22.0
18.51;44.1;915.0;44.076550304604694;1069.9689360709483;22.0
18.68;44.1;834.0;44.1777522514211;1071.3583510020567;22.0
18.85;44.2;914.0;44.259797005099614;1073.8697232860618;22.0
19.01;44.3;907.0;44.35915633097244;1078.0127280059655;22.0
19.18;44.5;900.0;44.45880922817729;1081.5958196039628;22.0
19.35;44.5;853.0;44.568506533638434;1084.1227835712616;22.0
19.51;44.6;850.0;44.66510196581409;1085.2926560757867;22.0
19.68;44.7;968.0;44.73633084525433;1087.2855477899489;22.0
19.85;44.8;874.0;44.85682956136496;1091.5922896329403;22.0
20.01;44.9;936.0;44.94137275681997;1093.5701119133998;22.0
20.18;45.0;847.0;45.0631851547373;1095.6896609861012;22.0
20.35;45.1;862.0;45.16150804696668;1096.1154605410752;22.0
20.51;45.3;871.0;45.26097656516054;1097.1258618971012;22.0
20.68;45.3;851.0;45.362664952777166;1097.5012686092691;22.0
20.85;45.4;956.0;45.43600358920136;1098.264257321212;22.0
21.01;45.5;888.0;45.55222233165567;1102.1326534316051;22.0
21.18;45.6;961.0;45.63263794003584;1103.8660000536006;22.0
21.35;45.7;911.0;45.74487366817669;1106.9708563489562;22.0
21.51;45.9;913.0;45.84444153161343;1109.014508009468;22.0
21.68;45.9;835.0;45.96851639547484;1108.8484659048816;22.0
21.85;46.1;868.0;46.07368608185704;1108.4620423185283;22.0
22.01;46.1;840.0;46.17202162540175;1106.7670393627502;22.0
22.18;46.3;870.0;46.26906886996534;1105.2252527575838;22.0
22.35;46.4;865.0;46.376011865628946;1103.9314481802026;22.0
22.51;46.4;887.0;46.47431804431135;1103.1879068013;22.0
22.68;46.6;959.0;46.553245202673885;1105.2009148823342;22.0
22.85;46.7;900.0;46.67045149690054;1107.3157968494581;22.0
23.01;46.8;809.0;46.81105728010205;1107.4879108599;22.0
23.18;46.9;851.0;46.895394461672836;1104.3882645837093;22.0
23.35;47.0;801.0;47.01904196133263;1102.5677927227964;22.0
23.51;47.1;882.0;47.1020856707793;1099.3596251306199;22.0
23.68;47.2;886.0;47.2050586779529;1099.1067032032702;22.0
23.85;47.3;922.0;47.29679637666633;1099.2401046126074;22.0
24.01;47.3;966.0;47.383887803892826;1100.5873324879576;22.0
24.18;47.4;970.0;47.47956149093706;1104.1960942379553;22.0
24.35;47.5;914.0;47.568240026938795;1107.3486795505066;22.0
24.51;47.7;935.0;47.680976410433914;1111.1014813173865;22.0
24.68;47.8;860.0;47.77918219518212;1111.9391514995361;22.0
24.85;47.9;871.0;47.91447501274336;1112.6741494836335;22.0
25.01;47.9;841.0;47.990715724283994;1110.7974903238771;22.0
25.18;48.0;950.0;48.062840832765964;1112.692331889305;22.0
25.35;48.2;972.0;48.15467825276661;1117.4318980538806;22.0
25.51;48.2;900.0;48.27097711932755;1120.442803523175;22.0
25.68;48.4;900.0;48.3725976018511;1121.9976710471599;22.0
25.85;48.4;889.0;48.476837212792105;1122.771966311556;22.0
26.01;48.5;928.0;48.563679595479655;1124.7564792499206;22.0
26.18;48.6;934.0;48.6611352985944;1127.728299435442;22.0
26.35;48.8;907.0;48.779148497383716;1129.3316060928496;22.0
26.51;48.8;882.0;48.879080344755266;1128.78046114987;22.0
26.68;49.0;942.0;48.96647751912996;1129.6254225894706;22.0
26.85;49.0;936.0;49.07608555021926;1131.5860162551892;22.0
27.02;49.2;916.0;49.17452187008574;1132.190396978639;22.0
27.18;49.2;918.0;49.27765794301174;1132.1671894285878;22.0
27.35;49.3;950.0;49.370703134082525;1133.4141875661353;22.0
27.52;49.4;1063.0;49.42739079904347;1136.5598829968364;22.0
27.68;49.5;1008.0;49.538474409144946;1143.5116940911557;22.0
27.85;49.6;1052.0;49.619810406228616;1148.2258172905385;22.0
28.02;49.7;1027.0;49.722217540778495;1153.9810314814997;22.0
28.18;49.8;1035.0;49.81488191008904;1158.5746836443648;22.0
28.35;49.9;986.0;49.91644269843771;1162.7744474399992;22.0
28.52;50.0;958.0;50.02175441768917;1165.4894266180288;22.0
28.68;50.0;950.0;50.09613301888672;1167.170973509055;22.0
28.85;50.2;1082.0;50.16335129196947;1173.0899554544287;22.0
29.02;50.2;996.0;50.277004587011035;1179.6439722580126;22.0
29.18;50.3;1038.0;50.3638726934754;1185.0162332661002;22.0
29.35;50.4;975.0;50.47424854196001;1190.066998163817;22.0
29.52;50.5;1027.0;50.55459740390343;1193.4247377884642;22.0
29.68;50.6;965.0;50.66735837657605;1197.4075732396054;22.0
29.85;50.7;1010.0;50.755786350298685;1199.8235534566043;22.0
30.02;50.8;994.0;50.857954858882806;1203.2265449144525;22.0
30.18;50.9;948.0;50.9691091887604;1205.5646147241484;22.0
30.35;51.0;960.0;51.06810640732804;1206.6336017270628;22.0
30.52;51.1;975.0;51.16670849900316;1207.4729417497806;22.0
30.68;51.2;1073.0;51.2338989976633;1210.3117907384783;22.0
30.85;51.3;1110.0;51.31891834865802;1215.6589877083536;22.0
31.02;51.4;1012.0;51.44063036166789;1221.1585072904163;22.0
31.18;51.5;929.0;51.564251279031446;1222.1744800080776;22.0
31.35;51.6;1053.0;51.642104524619185;1222.00903974164;22.0
31.52;51.7;1041.0;51.75996190730734;1226.7746492243484;22.0
31.68;51.8;1091.0;51.85525360022937;1231.638282742916;22.0
31.85;51.9;1126.0;51.940286412232226;1237.5655412055642;22.0
32.02;52.0;986.0;52.05659831066151;1241.5130161544394;22.0
32.18;52.2;921.0;52.141044613844436;1240.1501875409456;22.0
32.35;52.2;838.0;52.24956911194491;1235.0829608957038;22.0
32.52;52.3;803.0;52.329093999670015;1227.2044135656395;22.0
32.68;52.4;715.0;52.454469430288185;1217.7241064509803;22.0
32.85;52.5;694.0;52.528476497976406;1204.9330205136755;22.0
33.02;52.6;606.0;52.651462364662876;1191.2106067860261;22.0
33.18;52.7;581.0;52.729393973720775;1176.1720204886142;22.0
33.35;52.8;542.0;52.82304452629856;1158.5014934853039;22.0
33.52;52.9;505.0;52.91885117008476;1139.7588058020244;22.0
33.68;53.0;454.0;53.02937350699004;1120.0996161954185;22.0
33.85;53.1;401.0;53.146714818153505;1098.454984701534;22.0
34.02;53.3;386.0;53.22751364839951;1075.7478633027806;22.0
34.18;53.3;322.0;53.34926615239691;1052.2944737271664;22.0
34.35;53.4;305.0;53.40202428532061;1029.9257194185595;22.0
34.52;53.5;297.0;53.50318344063024;1006.30786058926;22.0
34.68;53.6;268.0;53.586973783388146;981.867063622296;22.0
34.85;53.7;240.0;53.65940364074713;957.1226675030348;22.0
35.02;53.8;227.0;53.762443234060285;933.1965345250876;22.0
35.18;53.8;179.0;53.838337641758145;907.6971672689917;22.0
35.35;53.9;222.0;53.86903964855976;883.2541047810498;22.0
35.52;54.0;226.0;53.938555829542224;863.5776147399944;22.0
35.68;54.0;176.0;54.03021844403658;841.0850665575987;22.0
35.85;54.0;204.0;54.07843054775529;818.2701291338943;22.0
36.02;54.1;201.0;54.126099413607214;797.3873996818747;22.0
36.18;54.2;157.0;54.21075106581505;776.7957212015764;22.0
36.35;54.3;166.0;54.24563198893581;754.9683681464647;22.0
36.52;54.3;149.0;54.31718429123526;734.7560047946681;22.0
36.68;54.4;154.0;54.369431321001144;716.3918365917674;22.0
36.85;54.4;108.0;54.425038437248155;695.5533026380084;22.0
37.02;54.4;155.0;54.44189149263765;675.0807051318229;22.0
37.18;54.5;171.0;54.487116172995556;657.9674433049141;22.0
37.35;54.5;151.0;54.5250784807486;640.6606502676636;22.0
37.52;54.6;178.0;54.56148641014416;624.3595781921705;22.0
37.68;54.6;123.0;54.612748218960604;607.9212275227865;22.0
37.85;54.6;150.0;54.628547945555425;591.2224501584259;22.0
38.02;54.6;212.0;54.63220275848264;578.180244459172;22.0
38.18;54.7;266.0;54.632408447783654;566.9309134356909;22.0
38.35;54.7;191.0;54.689658257271034;556.9022147842235;22.0
38.52;54.7;178.0;54.715464933636326;544.5294623538277;22.0
38.68;54.7;217.0;54.72303363507953;532.7741243907138;22.0
38.85;54.8;262.0;54.7245302724587;523.428808842868;22.0
39.02;54.8;175.0;54.7754191385005;516.2630405413648;22.0
39.18;54.7;194.0;54.78527252248695;505.49230314485163;22.0
39.35;54.8;202.0;54.80037597665477;495.8754688117531;22.0
39.52;54.8;214.0;54.812845039995224;486.8109402396164;22.0
39.68;54.8;249.0;54.81621077868373;478.8268090992649;22.0
39.85;54.8;282.0;54.816635068526075;472.69642584713404;22.0
40.02;54.8;308.0;54.816238614192265;468.2445639086229;22.0
40.18;54.8;327.0;54.81571505884549;465.09633786134196;22.0
40.35;54.8;320.0;54.81530469555442;463.1120222351476;22.0
40.52;54.8;330.0;54.814949683073124;461.5239367005101;22.0
40.68;54.8;337.0;54.81469219539106;460.42892522100107;22.0
40.85;54.8;318.0;54.82041840197011;459.31842237230126;22.0
41.02;54.9;267.0;54.834168053858214;457.1004724532978;22.0
41.18;54.8;299.0;54.830313352833656;454.38435508106954;22.0
41.35;54.9;354.0;54.8191994428659;453.4737380169125;22.0
41.52;54.9;293.0;54.856505670763084;452.71975688798824;22.0
41.69;54.9;212.0;54.87037612533773;448.23493680482244;22.0
41.85;54.9;212.0;54.89764644653873;442.1691278347404;22.0
42.02;54.9;212.0;54.906329840284684;435.5194033679789;22.0
42.19;54.9;235.0;54.90864197411865;429.69971632690897;22.0
42.35;54.9;258.0;54.908903610997335;425.2456612956832;22.0
42.52;54.9;277.0;54.899521383515854;421.97281121840547;22.0
42.69;54.9;301.0;54.90513410815453;420.32597535626877;22.0
42.85;54.9;303.0;54.90681315061745;419.06983032215356;22.0
43.02;54.9;308.0;54.907361290305765;417.8380368325808;22.0
43.19;54.9;312.0;54.907435624280524;416.86792778586545;22.0
43.35;54.9;317.0;54.90737215982909;416.1244271323847;22.0
43.52;54.9;321.0;54.907289336254046;415.6592612205248;22.0
43.69;54.9;323.0;54.90722120965205;415.3379622806018;22.0
43.85;54.9;324.0;54.90716995723855;415.11198506003944;22.0
44.02;54.9;327.0;54.907136523427575;414.94637114367134;22.0
44.19;54.9;327.0;54.907109283683624;414.83191563702195;22.0
44.35;54.9;327.0;54.907088640452706;414.71771577182295;22.0
44.52;54.8;329.0;54.907069522730296;414.625086862789;22.0
44.69;54.8;490.0;54.845321120242026;416.09607624213845;22.0
44.85;54.9;403.0;54.871637230181264;423.08689361753966;22.0
45.02;54.9;310.0;54.89595703866142;424.8436955675281;22.0
45.19;54.9;292.0;54.90375684328627;423.46399795909133;22.0
45.35;54.9;323.0;54.89626576443605;421.684965867577;22.0
45.52;54.9;306.0;54.904046812212904;420.77961648628053;22.0
45.69;54.9;334.0;54.895325897856665;420.3697321964748;22.0
45.85;54.9;311.0;54.903633533500994;420.11903788536756;22.0
46.02;54.9;343.0;54.89385277181491;419.46974720996286;22.0
46.19;54.9;372.0;54.883777288376855;419.39931252109346;22.0
46.35;54.8;330.0;54.879354190324115;420.21625786484;22.0
46.52;54.8;357.0;54.87453456392748;422.1188619539306;22.0
46.69;54.9;339.0;54.89239529012184;423.40612847240277;22.0
46.85;54.9;339.0;54.882688219848994;423.1907069911991;22.0
47.02;54.9;310.0;54.899616758843486;423.25070349702463;22.0
47.19;54.9;292.0;54.905326501419744;421.70649579858997;22.0
47.35;54.9;293.0;54.896895301596025;419.8634691254532;22.0
47.52;54.9;327.0;54.899407922050116;420.04827883951185;22.0
47.69;54.9;333.0;54.897711330335056;419.64859764966405;22.0
47.85;54.9;327.0;54.89954775464195;419.4068964484359;22.0
48.02;54.9;338.0;54.878291173461506;419.06009297764786;22.0
48.19;54.9;333.0;54.89772301397865;420.16626022592783;22.0
48.35;54.9;308.0;54.89533922750691;419.65880382507873;22.0
48.52;54.9;370.0;54.88782480713488;420.32474670709263;22.0
48.69;54.9;426.0;54.87104485359258;421.9068718394788;22.0
48.85;54.9;321.0;54.89418422613903;423.9095505514115;22.0
49.02;54.8;321.0;54.87613563201483;422.70513935287795;22.0
49.19;54.9;342.0;54.88916017306274;423.9661111788773;22.0
49.35;54.9;298.0;54.901894917155985;423.43648366040026;22.0
49.52;54.9;332.0;54.89481602027884;421.6976385053409;22.0
49.69;54.9;304.0;54.9035762802182;421.0977925770199;22.0
49.85;54.9;300.0;54.9064552214684;419.6431893597561;22.0
50.02;54.9;305.0;54.89714770497835;418.26529227478557;22.0
50.19;54.9;441.0;54.86535692456084;419.2955238936728;22.0
50.35;54.9;354.0;54.8844379922678;423.6915325656501;22.0
50.52;54.9;301.0;54.900274547750094;423.70063650500657;22.0
50.69;54.9;317.0;54.888078328539855;421.79695172350256;22.0
50.85;54.9;362.0;54.88472311255362;421.61914519972635;22.0
51.02;54.9;309.0;54.900173544958534;422.0998410513847;22.0
51.19;54.9;300.0;54.90510344870477;420.85278006161036;22.0
51.35;54.9;304.0;54.90694036314986;419.21786149629924;22.0
51.52;54.9;311.0;54.907411230764204;417.8346631233477;22.0
51.69;54.9;342.0;54.89734041134446;417.7285635521909;22.0
51.85;54.9;378.0;54.88480351706064;417.83943828007637;22.0
52.02;54.9;352.0;54.89169320832121;419.041997768354;22.0
52.19;54.9;318.0;54.90228833698471;419.38566430552913;22.0
52.35;54.9;325.0;54.89172853128561;418.88174202000727;22.0
52.52;54.9;319.0;54.902266101857464;419.0502723423575;22.0
52.69;54.9;308.0;54.90583573825486;418.31994503922186;22.0
52.85;54.9;311.0;54.88769817824262;417.32262090551626;22.0
53.02;54.9;343.0;54.90074365855879;418.29220484746554;22.0
53.19;54.9;332.0;54.90528469302882;418.37863277728115;22.0
53.35;54.9;336.0;54.90682463259888;418.12292477819;22.0
53.52;54.9;336.0;54.90730179343661;417.96492459487973;22.0
53.69;54.9;341.0;54.90748702599831;417.941595028134;22.0
53.85;54.9;347.0;54.90755735488125;418.07139217679946;22.0
54.02;54.9;421.0;54.90762304860822;419.3157796643957;22.0
54.19;54.9;526.0;54.90804029742195;425.59395300298587;22.0
54.35;54.9;605.0;54.909092592324605;436.1913830409994;22.0
54.52;54.9;664.0;54.91073384095807;449.79356111582854;22.0
54.69;54.9;710.0;54.912836146404366;465.48257582295724;22.0
54.85;54.9;746.0;54.91502041716643;480.838903038356;22.0
55.02;54.9;777.0;54.91767859717911;498.87250444990286;22.0
55.19;54.9;804.0;54.920509422856675;517.6114080541925;22.0
55.35;54.9;827.0;54.92346271136521;536.8526697211527;22.0
55.52;54.9;848.0;54.92649527669283;556.4061116021111;22.0
55.69;54.9;867.0;54.929584303757366;576.1834024240234;22.0
55.85;54.9;886.0;54.932711590467;596.1103091566965;22.0
56.02;54.9;911.0;54.93555066625923;614.0303275412375;22.0
56.19;54.9;928.0;54.938719812857954;634.0875450182036;22.0
56.35;55.0;844.0;54.973260939552155;654.2823403712804;22.0
56.52;55.0;776.0;55.021194150090835;668.6838674219781;22.0
56.69;55.0;792.0;55.03889646925372;680.1739586250853;22.0
56.85;55.1;763.0;55.06941932302902;692.4701887085857;22.0
57.02;55.1;705.0;55.12341584833611;701.6822955080498;22.0
57.19;55.1;745.0;55.14154492849741;708.1236117728205;22.0
57.36;55.1;817.0;55.149673083032425;716.7530710166864;22.0
57.52;55.1;882.0;55.15350704917601;728.2133748254623;22.0
57.69;55.2;834.0;55.190154881905784;742.2462871872996;22.0
57.86;55.3;779.0;55.23566596192609;752.6032506937128;22.0
58.02;55.3;645.0;55.31352315834808;759.1502266837067;22.0
58.19;55.3;680.0;55.34480055152276;761.0632091225841;22.0
58.36;55.3;692.0;55.35510638429467;764.2631843793249;22.0
58.52;55.4;777.0;55.369923381728505;771.5043191483572;22.0
58.69;55.4;802.0;55.393214223593276;780.3221254095474;22.0
58.86;55.5;752.0;55.45950569827264;789.0580236298135;22.0
59.02;55.5;670.0;55.50953850346851;792.7752107953314;22.0
59.19;55.5;660.0;55.54671938233819;795.0478716262646;22.0
59.36;55.6;625.0;55.59259425115032;797.4544007448112;22.0
59.52;55.6;657.0;55.6383805690072;799.0910404413717;22.0
59.69;55.6;705.0;55.65711171722599;801.3640307109633;22.0
59.86;55.7;732.0;55.70532155202416;806.4503251471789;22.0
60.02;55.8;683.0;55.756640651743794;809.7579623939948;22.0
60.19;55.8;611.0;55.82468141620928;810.2400929083082;22.0
60.36;55.8;637.0;55.85317330825552;809.2289514497961;22.0
60.52;55.9;725.0;55.86296209123542;811.1729876413216;22.0
60.69;55.9;796.0;55.902291387164176;816.0027155981624;22.0
60.86;56.0;728.0;55.94376142146568;820.7276899645474;22.0
61.02;56.0;622.0;56.02654352934609;822.7060311137041;22.0
61.19;56.0;661.0;56.054889176643556;821.5988413541108;22.0
61.36;56.1;752.0;56.074808713639115;823.5361810635862;22.0
61.52;56.1;649.0;56.154737055854994;826.7556215804361;22.0
61.69;56.2;579.0;56.22232650023187;825.8321310526545;22.0
61.86;56.2;619.0;56.25341509058733;822.5502984457991;22.0
62.02;56.2;730.0;56.263253680383514;822.1944924831132;22.0
62.19;56.4;681.0;56.32487987698488;825.5713284485415;22.0
62.36;56.4;622.0;56.39349575562233;826.2227639136897;22.0
62.52;56.4;607.0;56.44341017487598;823.7350037610831;22.0
62.69;56.5;619.0;56.49433040000346;822.3446637758703;22.0
62.86;56.5;620.0;56.538904887147176;820.5069836965977;22.0
63.02;56.6;576.0;56.605682128536;819.7526051296686;22.0
63.19;56.6;602.0;56.64421032893045;816.3473764780297;22.0
63.36;56.6;708.0;56.65949563269894;814.508515840098;22.0
63.52;56.7;704.0;56.70348189484229;816.5826772958517;22.0
63.69;56.7;707.0;56.7457021319792;818.3913271434589;22.0
63.86;56.8;789.0;56.76037362969304;821.0488393384345;22.0
64.02;56.8;703.0;56.826640819629645;825.725959101998;22.0
64.19;56.9;709.0;56.87048985144653;826.2276469104007;22.0
64.36;56.9;628.0;56.931322463067964;826.9886773034266;22.0
64.52;56.9;654.0;56.95593517554967;826.604902406553;22.0
64.69;56.9;739.0;56.990239240650574;829.6052169519085;22.0
64.86;57.0;720.0;57.02933334841377;833.6617111273142;22.0
65.02;57.0;718.0;57.05604653108137;836.8699567034007;22.0
65.19;57.1;710.0;57.11827571154931;841.132150385147;22.0
65.36;57.1;680.0;57.152838768281455;842.6709731349503;22.0
65.52;57.2;710.0;57.20373873734783;844.9539249348427;22.0
65.69;57.2;661.0;57.24808057773351;845.6340219838665;22.0
65.86;57.3;676.0;57.30473639846242;846.5449327825334;22.0
66.02;57.3;638.0;57.3484096009526;845.7612118256594;22.0
66.19;57.4;715.0;57.36329993542702;846.0601289190895;22.0
66.36;57.4;665.0;57.43420970673301;848.0980944201225;22.0
66.52;57.5;700.0;57.4778527840522;848.667591624894;22.0
66.69;57.5;622.0;57.53919517372835;848.3082046422272;22.0
66.86;57.5;688.0;57.55887612758851;847.1073778826735;22.0
67.02;57.6;730.0;57.601716951512884;849.3269819472587;22.0
67.19;57.6;690.0;57.64745212046314;850.8549765332746;22.0
67.36;57.6;761.0;57.663255358648954;852.6153422823184;22.0
67.52;57.7;749.0;57.716347916854566;857.8067155218916;22.0
67.69;57.8;609.0;57.80918400729828;858.7328673104718;22.0
67.86;57.8;614.0;57.85046016413031;854.9479269364181;22.0
68.02;57.8;720.0;57.86345326720439;853.1770297051314;22.0
68.19;57.9;689.0;57.921458874165765;855.5901534115774;22.0
68.36;57.9;659.0;57.98194292854524;855.8685299047299;22.0
68.52;58.0;638.0;58.03165170122225;854.7140356708466;22.0
68.69;58.0;700.0;58.05758637249993;853.004530092178;22.0
68.86;58.0;800.0;58.06647530240536;854.8342037012372;22.0
69.02;58.1;732.0;58.131661488394776;859.5992186184673;22.0
69.19;58.2;675.0;58.19071042841382;861.7822588090182;22.0
69.36;58.2;661.0;58.2441305653028;860.5802301715762;22.0
69.52;58.3;753.0;58.262266218063786;859.5768328363697;22.0
69.69;58.3;720.0;58.313898384442545;862.6609840660223;22.0
69.86;58.3;739.0;58.35218798698082;863.8279898988545;22.0
70.02;58.4;672.0;58.41808348016436;865.352237066128;22.0
70.19;58.4;711.0;58.45363057436226;864.3605471577689;22.0
70.36;58.5;722.0;58.48061110943333;865.368831046616;22.0
70.52;58.5;701.0;58.532215495978434;867.9204708076297;22.0
70.69;58.5;710.0;58.55876123245446;869.195552424766;22.0
70.86;58.5;786.0;58.56806915842298;873.0191211016352;22.0
71.02;58.6;791.0;58.624536592879856;879.7634940008835;22.0
71.19;58.7;734.0;58.68196826858772;883.6150258402387;22.0
71.36;58.7;661.0;58.74292093658848;884.1522800619365;22.0
71.52;58.7;714.0;58.76252874855642;883.7965485231863;22.0
71.69;58.8;688.0;58.82803867926377;885.8373922846265;22.0
71.86;58.9;700.0;58.87800717561452;885.5003147703881;22.0
72.02;58.9;621.0;58.94140077211364;883.7288275267181;22.0
72.19;58.9;684.0;58.962828024162825;881.3710683302979;22.0
72.36;59.0;730.0;59.01153443719451;882.8481837310075;22.0
72.52;59.1;696.0;59.07189491174529;883.5372923477493;22.0
72.69;59.1;610.0;59.13489584964406;881.6868558008385;22.0
72.86;59.2;674.0;59.16011525531615;878.2276425956891;22.0
73.03;59.2;648.0;59.22509985901106;877.8866248865601;22.0
73.19;59.2;681.0;59.256324281126815;875.8014457029984;22.0
73.36;59.3;643.0;59.32436496861112;875.566384654952;22.0
73.53;59.3;676.0;59.355722976476684;873.3290469758357;22.0
73.69;59.4;773.0;59.36635014959906;874.0885286229757;22.0
73.86;59.4;719.0;59.43589106947562;877.0858441389478;22.0
74.03;59.5;659.0;59.49986939435137;878.1279836961849;22.0
74.19;59.5;652.0;59.54741351387076;875.51657127409;22.0
74.36;59.6;695.0;59.58905397412491;874.2952031134175;22.0
74.53;59.6;679.0;59.63731539250772;873.1037576755111;22.0
74.69;59.6;746.0;59.65965264533612;872.729886202872;22.0
74.86;59.7;813.0;59.68671238564872;876.0555393529297;22.0
75.03;59.7;744.0;59.74279008293399;879.9020554196173;22.0
75.19;59.8;734.0;59.78777125201634;882.1626293576436;22.0
75.36;59.8;704.0;59.84346475775406;882.6148112330217;22.0
75.53;59.8;787.0;59.862524281690156;882.6916281243203;22.0
75.69;59.9;702.0;59.931086168418396;885.8897732320759;22.0
75.86;60.0;605.0;60.01117696728886;885.0231238662108;22.0
76.03;60.0;651.0;60.05123365737373;880.3852111639467;22.0
76.19;60.0;764.0;60.064588355963274;878.358921299466;22.0
76.36;60.1;780.0;60.08819116504795;881.1110383150802;22.0
76.53;60.1;721.0;60.143304678756266;884.4813136575673;22.0
76.69;60.2;662.0;60.219867828270615;885.7346422600194;22.0
76.86;60.2;652.0;60.25420546440924;883.6709589520444;22.0
77.03;60.3;735.0;60.28343307316509;884.2348713587756;22.0
77.19;60.3;682.0;60.341608253269314;885.4378375849002;22.0
77.36;60.3;725.0;60.361612031088015;886.0746098463711;22.0
77.53;60.3;822.0;60.36826197371251;889.6503634640761;22.0
77.69;60.4;828.0;60.41893532350074;896.9584956384911;22.0
77.86;60.4;789.0;60.47345493345135;901.8193390797688;22.0
78.03;60.5;731.0;60.52637705109543;904.9409581328689;22.0
78.19;60.5;733.0;60.55823602364149;905.6342668352703;22.0
78.36;60.5;817.0;60.569280842537886;908.4603937347185;22.0
78.53;60.6;776.0;60.63533901344952;913.8716648543112;22.0
78.69;60.7;742.0;60.694618299853666;916.1298939530075;22.0
78.86;60.7;669.0;60.7486636351533;915.3724187954986;22.0
79.03;60.7;659.0;60.7665418564008;912.2335054383049;22.0
79.19;60.8;632.0;60.81370684781245;909.2898660037727;22.0
79.36;60.8;587.0;60.85378722291618;904.0094216045676;22.0
79.53;60.9;538.0;60.918223273346086;897.7865741090455;22.0
79.69;60.9;525.0;60.95384704644564;888.6812777497199;22.0
79.86;60.9;531.0;60.97946803659644;879.6256237827524;22.0
80.03;61.0;499.0;61.02878544391807;870.9747659359136;22.0
80.19;61.1;425.0;61.10223078013873;861.3420529099237;22.0
80.36;61.1;408.0;61.14185390245498;849.5304575166476;22.0
80.53;61.1;438.0;61.156350231646314;836.308822152397;22.0
80.69;61.2;399.0;61.207385504469904;825.0468581094318;22.0
80.86;61.1;393.0;61.24197126206634;812.2584196241913;22.0
81.03;61.2;441.0;61.24417392370157;800.4025029340457;22.0
81.19;61.3;410.0;61.293222797204464;791.5566315876298;22.0
81.36;61.3;344.0;61.333458949387804;779.6787702406987;22.0
81.53;61.3;360.0;61.345929323481215;767.4072863857826;22.0
81.69;61.4;398.0;61.375693961627725;757.0576575904282;22.0
81.86;61.4;322.0;61.42403745128772;745.7619218925854;22.0
82.03;61.4;334.0;61.438297519296356;734.5245580224753;22.0
82.19;61.4;370.0;61.4428288599977;723.6627607679881;22.0
82.36;61.5;410.0;61.443370867884205;714.9337348853055;22.0
82.53;61.5;378.0;61.49456694799837;707.0748225044567;22.0
82.69;61.5;313.0;61.532359688938406;697.2560828036027;22.0
82.86;61.6;347.0;61.555995512557914;686.8466591607936;22.0
83.03;61.6;265.0;61.60642186777405;677.069452657676;22.0
83.19;61.6;270.0;61.62564320367878;664.014855747485;22.0
83.36;61.6;313.0;61.630891738082454;652.4382779897561;22.0
83.53;61.6;357.0;61.63161344862381;643.4513390521502;22.0
83.69;61.6;381.0;61.63104475069761;636.4242670348034;22.0
83.86;61.6;418.0;61.630218200764936;631.3444821279985;22.0
84.03;61.6;444.0;61.62956496384356;627.9886255536312;22.0
84.19;61.6;458.0;61.628983859486596;625.2685271617402;22.0
84.36;61.6;468.0;61.628547504361755;623.2883919011998;22.0
84.53;61.6;459.0;61.63553663633637;621.8414805964079;22.0
84.69;61.7;423.0;61.65320608091935;620.2505131360437;22.0
84.86;61.6;461.0;61.64821391435117;617.4208913464073;22.0
85.03;61.7;462.0;61.65097036836769;615.8401873937721;22.0
85.19;61.6;441.0;61.6665110681364;612.7591668980355;22.0
85.36;61.7;357.0;61.70164280413219;609.2681265647456;22.0
85.53;61.6;368.0;61.71058585101912;602.9227730581052;22.0
85.69;61.7;389.0;61.71048707695649;597.9560752941142;22.0
85.86;61.6;371.0;61.71870986269639;594.150091623878;22.0
86.03;61.7;391.0;61.71762793128571;590.7484917622985;22.0
86.19;61.7;402.0;61.72090892003714;587.9737581407009;22.0
86.36;61.8;415.0;61.73934162299517;585.9579347390691;22.0
86.53;61.7;341.0;61.745985814147126;581.666190586164;22.0
86.69;61.7;373.0;61.74177913608334;577.6912066046896;22.0
86.86;61.7;435.0;61.72764747030198;575.3964280395843;22.0
87.03;61.8;472.0;61.72309663810668;575.5046469211966;22.0
87.19;61.7;378.0;61.74917590994124;574.4856244856167;22.0
87.36;61.7;464.0;61.72971116951497;572.5036718626427;22.0
87.53;61.7;488.0;61.72365047091267;573.1792286184075;22.0
87.69;61.7;475.0;61.72665263734997;573.9067370583285;22.0
87.86;61.7;485.0;61.722397056713056;574.7317896432263;22.0
88.03;61.7;439.0;61.73508477757167;575.880404401323;22.0
88.19;61.7;481.0;61.72535812349469;575.3279978667346;22.0
88.36;61.7;512.0;61.71192536182572;575.9072649912765;22.0
88.53;61.7;485.0;61.71940493344417;577.4299200191692;22.0
88.7;61.7;459.0;61.72769104920191;578.120546193862;22.0
88.86;61.7;487.0;61.700883837624474;578.4725097458384;22.0
89.03;61.7;480.0;61.710299151976045;581.132686971773;22.0
89.2;61.8;418.0;61.73970531657018;581.4420134202094;22.0
89.36;61.8;367.0;61.73840133097874;578.3174505396448;22.0
89.53;61.8;349.0;61.78216323522207;574.6179884257363;22.0
89.7;61.8;279.0;61.80674421452398;567.6463248177033;22.0
89.86;61.7;310.0;61.80017083299107;560.0037011356378;22.0
90.03;61.8;358.0;61.7825130595508;555.9641339037173;22.0
90.2;61.7;414.0;61.77200061044639;553.3962856392134;22.0
90.36;61.8;507.0;61.76803527960091;554.7860335491897;22.0
90.53;61.7;420.0;61.769330519460325;555.2971335698388;22.0
90.7;61.7;442.0;61.76080894984587;556.1585057126794;22.0
90.86;61.7;525.0;61.753150625648075;557.9555685106637;22.0
91.03;61.8;452.0;61.77145224423987;560.6239902977014;22.0
91.2;61.8;375.0;61.791401829891704;559.3466550414067;22.0
91.36;61.8;365.0;61.78205766030155;555.3599527699495;22.0
91.53;61.8;513.0;61.75325662368144;554.2438940296178;22.0
91.7;61.7;490.0;61.74779762662839;555.8706909176084;22.0
91.86;61.8;503.0;61.755848731179796;557.6500598455253;22.0
92.03;61.7;475.0;61.75175155729024;559.5105303130937;22.0
92.2;61.8;529.0;61.729508263388894;561.5543932245364;22.0
92.36;61.8;436.0;61.75281759413048;562.9175562069145;22.0
92.53;61.8;421.0;61.77255946375252;561.293751857357;22.0
92.7;61.8;431.0;61.768709827384725;559.6670074619595;22.0
92.86;61.7;380.0;61.791689123650904;557.715553255028;22.0
93.03;61.7;442.0;61.77167724207745;555.6448407507754;22.0
93.2;61.7;444.0;61.77069704388628;555.6120215082659;22.0
93.36;61.7;517.0;61.740266284222066;555.9582010147877;22.0
93.53;61.7;568.0;61.72053312589479;559.8860239681999;22.0
93.7;61.7;431.0;61.76112623317155;563.2321242771479;22.0
93.86;61.8;368.0;61.77893202763396;561.3543927607927;22.0
94.03;61.7;398.0;61.78935470075334;559.2951297098998;22.0
94.2;61.7;406.0;61.77215722319437;557.2533940901156;22.0
94.36;61.7;425.0;61.75062027547644;556.7692445644026;22.0
94.53;61.7;421.0;61.75047095305807;557.6581012111255;22.0
94.7;61.7;474.0;61.754007162681255;559.2367617906277;22.0
94.86;61.7;489.0;61.73169032482843;560.643219305807;22.0
95.03;61.7;504.0;61.722879662434394;563.543603188724;22.0
95.2;61.7;476.0;61.72758407581129;566.3624799455548;22.0
95.36;61.7;435.0;61.73807217074149;567.7986552095543;22.0
95.53;61.7;473.0;61.72567194058129;568.3244749788481;22.0
95.7;61.7;460.0;61.727524338931055;569.7603263430565;22.0
95.86;61.7;448.0;61.72887848919609;570.5173822374765;22.0
96.03;61.7;477.0;61.723174154388644;571.1016666119027;22.0
96.2;61.8;478.0;61.740242620278956;572.436563290885;22.0
96.36;61.7;449.0;61.730752805363245;572.1640382027506;22.0
96.53;61.7;468.0;61.72361295914308;572.353546341735;22.0
96.7;61.7;473.0;61.721230819427866;573.1766761089933;22.0
96.86;61.7;467.0;61.72050656930523;574.055692730358;22.0
97.03;61.7;498.0;61.709112865835614;574.7221738774465;22.0
97.2;61.7;482.0;61.71611870056323;576.2429780099734;22.0
97.36;61.7;469.0;61.72928086124962;577.073739558202;22.0
97.53;61.8;454.0;61.72362595765039;576.8373771228883;22.0
97.7;61.7;480.0;61.70621880912078;575.9685834041692;22.0
97.86;61.7;548.0;61.6873169329498;578.5242529410207;22.0
98.03;61.7;501.0;61.70043218827793;581.5046859888206;22.0
98.2;61.7;481.0;61.70603858234889;582.4723994383126;22.0
98.36;61.6;522.0;61.6708942635997;582.5206618065168;22.0
98.53;61.7;550.0;61.66325382010771;584.5891246102092;22.0
98.7;61.7;564.0;61.65105051174855;587.878117582027;22.0
98.86;61.7;474.0;61.694304706823715;591.1184645213103;22.0
99.03;61.7;436.0;61.71310594978778;590.8614587533231;22.0
99.2;61.7;428.0;61.71943434971989;589.3097828408105;22.0
99.36;61.7;473.0;61.70745160887183;587.7170218587448;22.0
99.53;61.7;515.0;61.69323981887003;588.4673527415692;22.0
99.7;61.7;547.0;61.68254693367061;590.9041854163331;22.0
99.86;61.6;513.0;61.68994187645317;593.3644483701507;22.0
100.03;61.6;704.0;61.651211113987266;598.3022606571701;22.0
100.2;61.6;839.0;61.65032290953482;613.6368211265427;22.0
100.36;61.6;996.0;61.63586914628709;634.8255215452094;22.0
100.53;61.6;1075.0;61.63343275710011;660.864244498551;22.0
100.7;61.6;1120.0;61.635438922615016;688.9038154460515;22.0
100.86;61.6;1162.0;61.63869829329389;714.9456808455634;22.0
101.03;61.7;1141.0;61.674777817207165;744.0320045386189;22.0
101.2;61.6;1099.0;61.70163104697481;768.9032590854797;22.0
101.36;61.6;1168.0;61.68245163604833;794.2257467997579;22.0
101.53;61.7;1284.0;61.6936314871745;823.4148607136356;22.0
101.7;61.7;1155.0;61.73866867847725;850.836578118052;22.0
101.86;61.8;1086.0;61.792656553862436;873.6195805018474;22.0
102.03;61.8;1028.0;61.84284722071555;891.503302639222;22.0
102.2;61.8;1076.0;61.86058130877048;906.114950306055;22.0
102.36;61.8;1150.0;61.86949303126095;924.3539054569712;22.0
102.53;61.8;1220.0;61.87460371735258;945.3888417639358;22.0
102.7;61.9;1250.0;61.8970240430489;968.7036391609482;22.0
102.86;61.9;1164.0;61.95440837582575;990.1079975119145;22.0
103.03;62.0;1185.0;61.99518429944296;1008.352612976785;22.0
103.2;62.0;1079.0;62.05750553893322;1024.3643638701044;22.0
103.36;62.0;1137.0;62.07883759652324;1035.9800054203101;22.0
103.53;62.0;1214.0;62.08889110376276;1051.1139924893087;22.0
103.7;62.1;1215.0;62.12889851679736;1069.3099923699176;22.0
103.86;62.1;1180.0;62.17522993137491;1085.213473634469;22.0
104.03;62.2;1145.0;62.23406139447561;1100.217859196899;22.0
104.2;62.3;1064.0;62.31327464645236;1112.0473786416667;22.0
104.36;62.3;1030.0;62.37360046767249;1119.126763180807;22.0
104.53;62.4;1003.0;62.44100566546713;1125.1159087482872;22.0
104.7;62.5;997.0;62.5034270176435;1129.637078970997;22.0
104.87;62.5;981.0;62.5715861513335;1132.7976289480887;22.0
105.03;62.5;1109.0;62.59523843352969;1136.2035873787852;22.0
105.2;62.7;1072.0;62.661435510844875;1144.899034535761;22.0
105.37;62.7;946.0;62.758706525903854;1149.6559057931736;22.0
105.53;62.7;1034.0;62.80130812859598;1151.309238070199;22.0
105.7;62.9;975.0;62.859476289195335;1155.2900534205617;22.0
105.87;62.9;895.0;62.95485046496687;1158.3268371782826;22.0
106.03;63.0;927.0;63.0108048388275;1158.8109960150935;22.0
106.2;63.0;922.0;63.07160670803766;1160.0222576373942;22.0
106.37;63.1;987.0;63.124853495731394;1162.9179919245319;22.0
106.53;63.2;952.0;63.181705361394506;1166.0657295279227;22.0
106.7;63.2;918.0;63.26706951437613;1168.476523004755;22.0
106.87;63.3;932.0;63.3414319802226;1169.9281780927904;22.0
107.03;63.4;937.0;63.38497008878542;1170.4202569772388;22.0
107.2;63.4;924.0;63.46449180410225;1172.0217063289008;22.0
107.37;63.4;986.0;63.4956823497415;1173.3541910943122;22.0
107.53;63.6;1011.0;63.56951392784757;1178.3663264239012;22.0
107.7;63.6;903.0;63.66370104362931;1180.1360647969263;22.0
107.87;63.7;966.0;63.6959827749904;1180.1210285334248;22.0
108.03;63.7;960.0;63.79208739410245;1182.6456477689717;22.0
108.2;63.8;907.0;63.862589089975295;1182.90231302149;22.0
108.37;63.9;988.0;63.905678854493665;1182.4882747482063;22.0
108.53;63.9;970.0;63.972302926524144;1184.6971093079399;22.0
108.7;64.0;1001.0;64.03400036637645;1187.0832411635547;22.0
108.87;64.0;1015.0;64.08622104114922;1189.4761271682794;22.0
109.03;64.1;1024.0;64.1517635832723;1194.0333798150941;22.0
109.2;64.1;1035.0;64.19300069966735;1197.648577516232;22.0
109.37;64.3;980.0;64.29149364868832;1201.4519530158939;22.0
109.53;64.3;934.0;64.37273032006011;1200.7752968167913;22.0
109.7;64.4;1043.0;64.4003842193775;1200.3048058894508;22.0
109.87;64.4;1030.0;64.47184504596966;1203.8596537318765;22.0
110.03;64.5;975.0;64.55794274504323;1206.4400475975378;22.0
110.2;64.5;1043.0;64.59577478700261;1207.053126769998;22.0
110.37;64.7;1059.0;64.66586628024305;1211.1985123839306;22.0
110.53;64.7;953.0;64.76461584007225;1212.9867978727198;22.0
110.7;64.8;1018.0;64.80651213834572;1212.2480098371368;22.0
110.87;64.8;1008.0;64.87840638667916;1212.946227505913;22.0
111.03;64.9;994.0;64.95048189106258;1214.2321969598443;22.0
111.2;65.0;1060.0;64.99353601831274;1214.8846395692474;22.0
111.37;65.0;1029.0;65.07024685819376;1217.372357308754;22.0
111.53;65.1;1056.0;65.12466597305001;1219.6914985954402;22.0
111.7;65.2;1001.0;65.2104149708583;1221.8433699708216;22.0
111.87;65.2;918.0;65.27645018011165;1221.8131309640364;22.0
112.03;65.3;968.0;65.3445378589376;1222.1979297703774;22.0
112.2;65.3;908.0;65.43920423821322;1222.0540820029457;22.0
112.37;65.4;927.0;65.48972406720256;1220.4505056371581;22.0
112.53;65.5;937.0;65.55974723346169;1220.4202115539338;22.0
112.7;65.6;965.0;65.62765941380152;1220.4778755450936;22.0
112.87;65.6;938.0;65.68547806331092;1219.6856389516092;22.0
113.03;65.7;1001.0;65.74570505641375;1220.8311022222933;22.0
113.2;65.8;957.0;65.83338360690517;1222.3876950775702;22.0
113.37;65.8;945.0;65.88745195125207;1221.4856894926177;22.0
113.53;65.9;949.0;65.963354097979;1222.4437910471174;22.0
113.7;66.0;955.0;66.03896444580289;1222.6149891053794;22.0
113.87;66.0;971.0;66.08616348301636;1221.9321888362745;22.0
114.03;66.1;977.0;66.15797721078187;1223.485424802083;22.0
114.2;66.2;959.0;66.23705643151872;1224.1571043290126;22.0
114.37;66.3;979.0;66.29861517493454;1223.3741908272978;22.0
114.53;66.3;955.0;66.37029264912873;1223.523331680968;22.0
114.7;66.3;1045.0;66.4189984978249;1224.079316804539;22.0
114.87;66.4;1049.0;66.46918143755097;1227.23724534097;22.0
115.03;66.5;1086.0;66.5238007815332;1230.254837463479;22.0
115.2;66.6;1072.0;66.584408626078;1234.081263343339;22.0
115.37;66.6;1057.0;66.65593395194522;1237.7539006127956;22.0
115.53;66.7;1056.0;66.72342970452841;1240.8997394238359;22.0
115.7;66.7;1047.0;66.78505439531679;1242.9380626410868;22.0
115.87;66.8;1044.0;66.85931652217691;1245.6837983778396;22.0
116.03;66.8;1104.0;66.89573452968398;1247.2243798794366;22.0
116.2;66.9;1089.0;66.96327953314021;1251.15576932334;22.0
116.37;67.0;1101.0;67.02093776618155;1254.7969078903006;22.0
116.53;67.0;1098.0;67.08553137811893;1258.0013922659482;22.0
116.7;67.1;1070.0;67.14127987284836;1261.5314849543508;22.0
116.87;67.2;972.0;67.24556200641149;1264.1859226002218;22.0
117.03;67.2;959.0;67.29425667117948;1263.0807305739006;22.0
117.2;67.3;1016.0;67.35831261538016;1264.5393349555438;22.0
117.37;67.3;1024.0;67.39870167715648;1266.3791995468669;22.0
117.53;67.4;1037.0;67.47028529546662;1270.0990226255421;22.0
117.7;67.5;1008.0;67.554865398651;1272.7578399341314;22.0
117.87;67.6;1026.0;67.6229717568425;1273.7036093030392;22.0
118.03;67.6;979.0;67.68711543460716;1273.5096563111827;22.0
118.2;67.7;1046.0;67.74389588742608;1274.4063616240155;22.0
118.37;67.8;974.0;67.84163870063162;1275.740697590789;22.0
118.53;67.9;974.0;67.90152773637239;1274.0117180375573;22.0
118.7;67.9;970.0;67.9741002297229;1272.6725880431327;22.0
118.87;67.9;1041.0;68.00412355474792;1272.6931696238219;22.0
119.03;68.1;1089.0;68.07546991725991;1276.662633747639;22.0
119.2;68.1;1005.0;68.16029745735715;1278.838933793057;22.0
119.37;68.1;1054.0;68.19982646779738;1278.8075545806803;22.0
119.54;68.2;1154.0;68.22363130694796;1282.2686715906414;22.0
119.7;68.3;1043.0;68.3405940587782;1288.0384881786235;22.0
119.87;68.3;1046.0;68.39385513521611;1288.5827154724411;22.0
120.04;68.4;1070.0;68.45675121144247;1290.8986941688333;22.0
120.2;68.4;1095.0;68.49965479685588;1293.1390854446033;22.0
120.37;68.5;1102.0;68.56644266344524;1296.52380014664;22.0
120.54;68.6;1058.0;68.65081408789649;1299.6826415874937;22.0
120.7;68.6;1091.0;68.69825781548008;1300.248577462587;22.0
120.87;68.7;1089.0;68.76731965869013;1302.9854440973572;22.0
121.04;68.8;1049.0;68.85150613716804;1305.3370809031617;22.0
121.2;68.8;1095.0;68.89446548100474;1305.6990763049803;22.0
121.37;68.9;1097.0;68.96106605871901;1308.7988421107682;22.0
121.54;69.0;1153.0;68.99998606133967;1310.8837960391481;22.0
121.7;69.0;1114.0;69.08165635490681;1313.8287670890425;22.0
121.87;69.1;1149.0;69.1291330348221;1316.2554582737914;22.0
122.04;69.2;1081.0;69.22508536346047;1319.1444400522919;22.0
122.2;69.2;1096.0;69.29071417796689;1319.2992707163432;22.0
122.37;69.3;1163.0;69.33242009565399;1320.9191516348917;22.0
122.54;69.3;1148.0;69.40354498033338;1324.5581253087112;22.0
122.7;69.4;1079.0;69.46998564893896;1327.4642500212876;22.0
122.87;69.5;1080.0;69.53423870881508;1329.8399013385863;22.0
123.04;69.6;1043.0;69.59481554953058;1331.2391854713453;22.0
123.2;69.6;1009.0;69.68116456837106;1331.896228569266;22.0
123.37;69.6;998.0;69.71068967824561;1330.6366481607388;22.0
123.54;69.7;994.0;69.76551551711296;1329.461858371203;22.0
123.7;69.8;955.0;69.83230355904237;1326.7910340747756;22.0
123.87;69.8;899.0;69.8894672822793;1322.236021855354;22.0
124.04;69.9;860.0;69.94986919522213;1315.1828258521841;22.0
124.2;69.9;830.0;69.99745631793387;1306.2728954674094;22.0
124.37;70.0;822.0;70.0541961277172;1297.1474811890912;22.0
124.54;70.1;782.0;70.12136319081893;1286.9226747979892;22.0
124.7;70.1;735.0;70.18438344311532;1274.8916540035823;22.0
124.87;70.1;756.0;70.20462632360037;1262.4654922123595;22.0
125.04;70.3;754.0;70.27673693810696;1252.8757109496332;22.0
125.2;70.3;652.0;70.3653312865445;1239.347041613788;22.0
125.37;70.4;663.0;70.40418445700345;1223.5598974843388;22.0
125.54;70.4;621.0;70.47132028597578;1208.0891506622074;22.0
125.7;70.5;583.0;70.54533578913131;1192.1172837306674;22.0
125.87;70.5;582.0;70.58190896976302;1174.52117985779;22.0
126.04;70.6;570.0;70.63268257322014;1157.5844628901696;22.0
126.2;70.6;582.0;70.67389122152345;1140.9996383688404;22.0
126.37;70.7;576.0;70.72052546472096;1127.0961382600997;22.0
126.54;70.7;558.0;70.76648842663906;1111.0638399891718;22.0
126.7;70.8;557.0;70.81288714332237;1095.321609878899;22.0
126.87;70.8;535.0;70.86046258828188;1079.587972593344;22.0
127.04;70.9;541.0;70.90253631820794;1064.3233083502391;22.0
127.2;70.9;550.0;70.93090394637738;1049.5377109825035;22.0
127.37;70.9;551.0;70.96185131587723;1035.5053971001948;22.0
127.54;71.0;516.0;71.02140442174242;1023.2592978482628;22.0
127.7;71.0;520.0;71.05567435538049;1008.4401520818762;22.0
127.87;71.0;561.0;71.0659065208425;994.6235198397213;22.0
128.04;71.0;605.0;71.068102217187;983.1947084167074;22.0
128.2;71.0;643.0;71.06780154265974;974.1844253502956;22.0
128.37;71.0;673.0;71.0668772248075;967.2154750386413;22.0
128.54;71.1;602.0;71.12336807921348;961.2948836188226;22.0
128.7;71.2;554.0;71.14859028068959;953.728253860435;22.0
128.87;71.2;520.0;71.17371570762391;944.4850668140211;22.0
129.04;71.2;504.0;71.19253371516294;934.95539110647;22.0
129.2;71.1;516.0;71.20923576558498;925.5930486690842;22.0
129.37;71.2;590.0;71.22318716625935;918.5453792589714;22.0
129.54;71.2;552.0;71.24559132210447;911.6072316561969;22.0
129.7;71.2;562.0;71.25250938936999;904.4594079398453;22.0
129.87;71.2;593.0;71.25413067770839;898.9920834483801;22.0
130.04;71.2;615.0;71.25424474330194;894.1578800961468;22.0
130.2;71.2;633.0;71.25384682333575;890.4773195281798;22.0
130.37;71.2;646.0;71.25338103009423;887.7213850379435;22.0
130.54;71.2;657.0;71.25297445136114;885.6578746943931;22.0
130.7;71.2;665.0;71.25265184021642;884.1258490540757;22.0
130.87;71.2;670.0;71.25240458900937;882.985748369333;22.0
131.04;71.3;608.0;71.29474218089815;881.4975621783805;22.0
131.2;71.2;610.0;71.29185123243585;876.4395781203389;22.0
131.37;71.2;690.0;71.26492022389473;873.8551344149116;22.0
131.54;71.2;679.0;71.27969485036066;874.0945748234311;22.0
131.7;71.2;664.0;71.2775531342543;872.5707086240046;22.0
131.87;71.3;656.0;71.28315880833388;871.4799424817986;22.0
132.04;71.2;695.0;71.27013601063781;869.9246356042472;22.0
132.2;71.2;687.0;71.2917653893863;870.7055065452681;22.0
132.37;71.2;718.0;71.26606255147479;870.19606907083;22.0
132.54;71.2;737.0;71.25568333816192;871.2616038300871;22.0
132.7;71.3;717.0;71.27154747340757;873.0210291842935;22.0
132.87;71.3;603.0;71.32342929959181;872.140772451858;22.0
133.04;71.3;627.0;71.31133500455343;867.5403350379671;22.0
133.2;71.3;648.0;71.31809591149919;864.9389459323064;22.0
133.37;71.3;614.0;71.33839373331143;862.167857746298;22.0
133.54;71.2;625.0;71.34462425003929;858.8459659412015;22.0
133.7;71.2;658.0;71.33579945039442;855.612016343729;22.0
133.87;71.3;694.0;71.31929752136982;855.0719808240303;22.0
134.04;71.3;658.0;71.33793141810787;854.6709105983455;22.0
134.2;71.3;654.0;71.34414878088333;852.7883738059897;22.0
134.37;71.3;659.0;71.34607401017311;850.821050988838;22.0
134.54;71.3;665.0;71.34654300950909;849.1707790957586;22.0
134.7;71.2;629.0;71.34655893294646;848.0478410379848;22.0
134.87;71.3;710.0;71.31222861639523;848.5272029263324;22.0
135.04;71.3;655.0;71.31760671054947;849.9838429425893;22.0
135.21;71.3;679.0;71.31748874442602;850.7446022932937;22.0
135.37;71.3;655.0;71.33210256996436;851.3035473215862;22.0
135.54;71.3;680.0;71.32578669243775;851.3574299272026;22.0
135.71;71.3;656.0;71.33313344553902;851.5947709474253;22.0
135.87;71.3;640.0;71.34171627685363;851.0026775094813;22.0
136.04;71.3;636.0;71.34508874601721;849.6969879821834;22.0
136.21;71.3;639.0;71.34610429456141;848.4196806320618;22.0
136.37;71.3;643.0;71.34633098071832;847.3655087090714;22.0
136.54;71.2;647.0;71.34631221613976;846.5451668132971;22.0
136.71;71.3;654.0;71.34196234608194;846.238949227398;22.0
136.87;71.3;654.0;71.32751019259223;845.8886051424605;22.0
137.04;71.3;677.0;71.3390560734639;846.3225342992012;22.0
137.21;71.3;665.0;71.34377294367934;846.365977118354;22.0
137.37;71.3;655.0;71.34536515974246;845.959149025311;22.0
137.54;71.3;703.0;71.31543821526829;846.2395251250432;22.0
137.71;71.2;706.0;71.3222151684096;847.5815846000141;22.0
137.87;71.3;702.0;71.32406907838974;849.3487771616149;22.0
138.04;71.3;661.0;71.3389978047927;849.9210605869711;22.0
138.21;71.3;678.0;71.33742549963598;849.1438823366716;22.0
138.37;71.3;730.0;71.31308089810912;849.4046952631345;22.0
138.54;71.2;730.0;71.29571916681054;851.0456664992372;22.0
138.71;71.3;786.0;71.26393388342156;853.9204518578692;22.0
138.87;71.3;702.0;71.30654516034097;857.2675493995654;22.0
139.04;71.3;648.0;71.33378902149603;856.992471168412;22.0
139.21;71.3;636.0;71.34296757674453;854.8477913985982;22.0
139.37;71.3;641.0;71.34586733275476;852.4501187168726;22.0
139.54;71.3;658.0;71.34659746208932;850.6841045528197;22.0
139.71;71.2;762.0;71.29940069332008;849.1828636270455;22.0
139.87;71.3;719.0;71.30984002831583;852.0391955304448;22.0
140.04;71.3;684.0;71.32627173094316;852.7297484655146;22.0
140.21;71.3;666.0;71.34001686776546;851.8843109625168;22.0
140.37;71.3;664.0;71.34459354488641;850.3502816026046;22.0
140.54;71.3;684.0;71.33690703967457;849.4834340672413;22.0
140.71;71.3;636.0;71.3429620249772;849.0721119137846;22.0
140.87;71.3;633.0;71.35552359922774;848.0451687725994;22.0
141.04;71.3;626.0;71.34949682628414;846.546185783699;22.0
141.21;71.3;637.0;71.34730392397393;845.646433609281;22.0
141.37;71.3;642.0;71.3464850148079;845.1558616311746;22.0
141.54;71.3;644.0;71.34616495132543;844.8507282910784;22.0
141.71;71.3;616.0;71.35610656745045;844.2396030462185;22.0
141.87;71.3;651.0;71.3497234383216;843.3801508712968;22.0
142.04;71.3;660.0;71.34709443458254;843.228905232189;22.0
142.21;71.3;662.0;71.34619577922942;843.3382598665693;22.0
142.37;71.3;662.0;71.3459028604619;843.4981252299243;22.0
142.54;71.3;662.0;71.34581905480152;843.645780367258;22.0
142.71;71.3;689.0;71.33566371299352;843.9950451432023;22.0
142.87;71.3;734.0;71.31715903279061;845.465090399276;22.0
143.04;71.3;682.0;71.32809710617623;847.5340016073364;22.0
143.21;71.3;687.0;71.33211396186135;847.9484273795125;22.0
143.37;71.3;617.0;71.35944878317294;848.0322618550722;22.0
143.54;71.3;671.0;71.34068613767195;846.5035933959479;22.0
143.71;71.3;663.0;71.3443368629468;846.3457235520168;22.0
143.87;71.3;662.0;71.34555260737501;845.9188747823906;22.0
144.04;71.3;663.0;71.3459243579048;845.5050785931235;22.0
144.21;71.3;664.0;71.35508078283453;845.204381883114;22.0
144.37;71.3;669.0;71.3494634194356;844.5031857657732;22.0
144.54;71.3;676.0;71.34712406717132;844.0680796171256;22.0
144.71;71.3;664.0;71.35293296358803;843.9734208165886;22.0
144.87;71.3;677.0;71.34824692561804;843.3944090026944;22.0
145.04;71.3;677.0;71.34661455038328;843.3396957888014;22.0
145.21;71.3;682.0;71.34605138821223;843.349876468863;22.0
145.37;71.3;680.0;71.34586996718177;843.474260024271;22.0
145.54;71.3;659.0;71.3613694496276;843.6364958550022;22.0
145.71;71.3;686.0;71.35106779979624;842.6159209775203;22.0
145.87;72.8;0.0;71.82861759232786;841.2090192794132;22.0
146.04;72.7;0.0;72.45719194299895;814.6076241646392;22.0
146.21;72.7;0.0;72.64057908438271;784.6833278411602;22.0
146.37;72.7;0.0;72.70689517056664;755.3355106664413;22.0
146.54;72.7;0.0;72.72002699185734;726.8542018190964;22.0
146.71;72.7;0.0;72.72170104762314;702.0966996830415;22.0
146.87;72.7;0.0;72.71966406555731;675.5851251952287;22.0
147.04;72.7;0.0;72.71625792074146;650.0605950179996;22.0
147.21;72.6;0.0;72.71249080226698;625.5379699318423;22.0
147.37;72.6;0.0;72.64305497508096;601.6357586474934;22.0
147.54;72.6;3.0;72.61684196500794;578.8711137998521;22.0
147.71;72.6;18.0;72.60554556918625;557.2399253209467;22.0
147.87;72.6;26.0;72.59998796078999;538.8271344935325;22.0
148.04;72.6;39.0;72.56907334453469;519.3751636879672;22.0
148.21;72.5;53.0;72.53051458250647;501.0517096133169;22.0
148.37;72.4;70.0;72.50251309844992;483.9877076302149;22.0
148.54;72.4;221.0;72.42553867775354;469.2601060793723;22.0
148.71;72.4;436.0;72.39829557816331;466.1305003250745;22.0
148.87;72.3;628.0;72.33636991720671;472.0149379444966;22.0
149.04;72.3;796.0;72.30499254712917;485.9006418851515;22.0
149.21;72.2;911.0;72.29445789325577;508.1716789483381;22.0
149.37;72.2;1106.0;72.22700042650077;536.0890890205038;22.0
149.54;72.1;1230.0;72.19876625708989;568.1927372411315;22.0
149.71;72.1;1394.0;72.13643539032533;607.7539655196313;22.0
149.87;72.1;1450.0;72.11955592411734;652.176976100389;22.0
150.04;72.0;1518.0;72.11312806553835;698.373803940999;22.0
150.21;72.0;1683.0;72.05556850726056;746.9251611316532;22.0
150.37;71.9;1696.0;72.00776077169984;798.8637400404192;22.0
150.54;71.9;1697.0;71.96449216028383;849.2616103567557;22.0
150.71;71.9;1700.0;71.95507608139302;893.2098613339247;22.0
150.87;71.9;1700.0;71.9560803698019;940.2475887871781;22.0
151.04;71.9;1700.0;71.9365670790117;985.288996743257;22.0
151.21;71.9;1700.0;71.94899475235472;1028.851980755756;22.0
151.38;71.8;1700.0;71.90606018874558;1070.5099381051373;22.0
151.54;71.8;1700.0;71.89175157719103;1110.8169305729753;22.0
151.71;71.9;1700.0;71.89912283409197;1149.7669365129473;22.0
151.88;71.8;1698.0;71.91126778148828;1183.5951786466248;22.0
152.04;71.8;1699.0;71.93174963380889;1219.7864662339807;22.0
152.21;71.8;1697.0;71.95019060581889;1254.6080193191028;22.0
152.38;71.8;1700.0;71.93963213114667;1287.9651401715657;22.0
152.54;71.8;1700.0;71.95268740314377;1320.228682934565;22.0
152.71;71.9;1700.0;71.9789440704862;1351.3247739727194;22.0
152.88;71.9;1700.0;71.98030537050326;1381.1039118454319;22.0
153.04;71.9;1700.0;72.01451780565326;1409.8711736788846;22.0
153.21;71.9;1700.0;72.02812965036031;1434.7428072402977;22.0
153.38;71.9;1700.0;72.02238561663226;1461.2559004447135;22.0
153.54;71.9;1700.0;72.03710410328738;1486.8516436970438;22.0
153.71;71.9;1700.0;72.04476128325213;1511.4540906304815;22.0
153.88;71.9;1700.0;72.04988735897203;1535.075955367435;22.0
154.04;71.9;1700.0;72.05406051458348;1557.8303358362677;22.0
154.21;71.9;1700.0;72.05780339773278;1579.6651548948498;22.0
154.38;71.9;1700.0;72.06097139262386;1598.6060969391733;22.0
154.54;71.9;1700.0;72.06433023438585;1618.873743560491;22.0
154.71;71.9;1700.0;72.0675483095442;1638.3626562605443;22.0
154.88;71.9;1700.0;72.07063872927213;1657.1028144015631;22.0
155.04;71.9;1700.0;72.07361191804867;1675.140450261416;22.0
155.21;71.9;1700.0;72.07646753015766;1692.4676468309156;22.0
155.38;72.0;1700.0;72.13001872245746;1709.3795306003651;22.0
155.54;72.0;1700.0;72.16276644497495;1723.9740487363329;22.0
155.71;72.0;1700.0;72.17284621243999;1739.4632597950251;22.0
155.88;72.0;1700.0;72.18265812127046;1754.3705178299533;22.0
156.04;72.1;1700.0;72.22486786315183;1768.865031841091;22.0
156.21;72.1;1700.0;72.269133648803;1782.8118075686918;22.0
156.38;72.1;1700.0;72.28568629949234;1796.0744594348434;22.0
156.54;72.1;1700.0;72.29270703494252;1808.781397916209;22.0
156.71;72.1;1700.0;72.29611154642764;1819.7905157523896;22.0
156.88;72.1;1700.0;72.29869644014036;1831.565360353155;22.0
157.04;72.1;1700.0;72.30902475603216;1842.926598371354;22.0
157.21;72.2;1700.0;72.35158157086033;1854.0216741853683;22.0
157.38;72.2;1700.0;72.38682549151;1864.6429551638041;22.0
157.54;72.3;1700.0;72.46176729173293;1875.0391224739235;22.0
157.71;72.3;1700.0;72.49235354674367;1884.7236237032546;22.0
157.88;72.2;1690.0;72.50305235191884;1892.9582577691815;22.0
158.04;72.3;1690.0;72.46480765802899;1901.4866056159924;22.0
158.21;72.3;1687.0;72.49606441514;1910.0027294247793;22.0
158.38;72.4;1682.0;72.55494513267661;1918.2409960489122;22.0
158.54;72.5;1675.0;72.64695119268717;1926.1888341060533;22.0
158.71;72.7;1666.0;72.76419197568279;1933.775335947712;22.0
158.88;72.8;1655.0;72.91177637079213;1940.9784902748;22.0
159.04;73.0;1658.0;73.04633460207195;1947.009879421641;22.0
159.21;73.1;1648.0;73.19400215091535;1953.1728500206277;22.0
159.38;73.3;1639.0;73.33368872221166;1958.7705964349761;22.0
159.54;73.4;1629.0;73.50310941359643;1964.0099782914742;22.0
159.71;73.6;1624.0;73.62721747703208;1968.5240273993936;22.0
159.88;73.7;1552.0;73.78155318994358;1972.2166578119109;22.0
160.04;73.9;1360.0;73.96504892696254;1969.0241023055855;22.0
160.21;74.0;1220.0;74.10734966660429;1957.104426719037;22.0
160.38;74.1;1172.0;74.2021190710066;1942.0793430126398;22.0
160.54;74.2;1135.0;74.27519514596541;1923.3237234078626;22.0
160.71;74.2;1105.0;74.36386116684213;1903.984853561832;22.0
160.88;74.2;1133.0;74.39220929698249;1884.5988356647092;22.0
161.04;74.3;1151.0;74.44141510247631;1867.759197517339;22.0
161.21;74.3;1152.0;74.4808029414343;1851.511582774875;22.0
161.38;74.3;1189.0;74.49265700480349;1836.5383221872823;22.0
161.54;74.3;1250.0;74.49522086409222;1824.9164416859385;22.0
161.71;74.3;1288.0;74.49511046879036;1814.5741934335515;22.0
161.88;74.3;1296.0;74.5216169478732;1806.4683380383826;22.0
162.04;74.4;1274.0;74.55987605605483;1798.5855735343996;22.0
162.21;74.4;1277.0;74.58025309479953;1789.9577202607543;22.0
162.38;74.4;1298.0;74.58636772225599;1782.0434602823932;22.0
162.54;74.4;1321.0;74.5877109551481;1775.4274372143548;22.0
162.71;74.4;1361.0;74.58759804942642;1770.796299397354;22.0
162.88;74.4;1332.0;74.62439390172116;1766.3936383636703;22.0
163.04;74.5;1312.0;74.65664194314722;1760.9499203834891;22.0
163.21;74.5;1312.0;74.67522701936277;1754.7217293886963;22.0
163.38;74.6;1275.0;74.722351988047;1748.9908415817908;22.0
163.54;74.6;1254.0;74.7620584559691;1741.4509173413032;22.0
163.71;74.7;1234.0;74.80232890736772;1733.470773578205;22.0
163.88;74.7;1137.0;74.85041406419906;1725.5255093691558;22.0
164.04;74.8;1137.0;74.8935844824573;1715.8635563784376;22.0
164.21;74.8;1091.0;74.94834312901091;1705.3463110451664;22.0
164.38;74.8;1097.0;74.96594593713549;1694.2245021730591;22.0
164.54;74.9;1101.0;75.01819313053261;1684.3279432065067;22.0
164.71;74.9;1105.0;75.03600009765852;1673.9316380512303;22.0
164.88;75.0;1077.0;75.09711868539033;1664.19717958289;22.0
165.04;75.0;1058.0;75.14124980039153;1654.1196557207438;22.0
165.21;75.1;1072.0;75.17720376684628;1642.7850223137739;22.0
165.38;75.1;1029.0;75.2347139464966;1631.3335631072828;22.0
165.54;75.2;1030.0;75.25974389881225;1619.270347185102;22.0
165.71;75.2;1007.0;75.32614134610881;1607.5522926145536;22.0
165.88;75.2;1015.0;75.34763339610687;1595.291535384791;22.0
166.04;75.3;1011.0;75.37372240683983;1584.1659280985834;22.0
166.21;75.3;1022.0;75.42719462210802;1573.3009079579258;22.0
166.38;75.3;1032.0;75.44343481274912;1563.364404059627;22.0
166.54;75.4;1021.0;75.48474715208714;1553.282851210903;22.0
166.71;75.4;1006.0;75.52767204764096;1542.8027414098524;22.0
166.88;75.5;991.0;75.58091096996894;1532.1064273994443;22.0
167.05;75.5;962.0;75.62398463805715;1520.575533549837;22.0
167.21;75.5;983.0;75.64761136166211;1509.0349824119703;22.0
167.38;75.6;927.0;75.72352077947787;1498.149335958339;22.0
167.55;75.7;889.0;75.78693521698725;1486.3569106619336;22.0
167.71;75.7;893.0;75.82087156338378;1471.6372923457443;22.0
167.88;75.7;930.0;75.83102439445094;1458.0392480810776;22.0
168.05;75.8;943.0;75.8505050503268;1446.8383755661605;22.0
168.21;75.8;923.0;75.90053863899202;1436.2292547312124;22.0
168.38;75.9;897.0;75.95513976210144;1425.2855331833607;22.0
168.55;75.9;869.0;76.00352503483714;1412.8689215459626;22.0
168.71;75.9;907.0;76.01796177315212;1401.6282157339006;22.0
168.88;75.9;922.0;76.03862660638737;1390.4496301003398;22.0
169.05;76.0;890.0;76.09036135883731;1380.0872599561944;22.0
169.21;76.0;905.0;76.11081432116602;1369.0566055340312;22.0
169.38;76.1;896.0;76.1441446041263;1359.2885190925667;22.0
169.55;76.1;868.0;76.19278669680585;1348.9872342705744;22.0
169.71;76.1;889.0;76.20829553064505;1338.1570247461395;22.0
169.88;76.1;850.0;76.21235905039921;1329.649426626062;22.0
170.05;76.2;879.0;76.22136751258141;1321.8225546898716;22.0
170.21;76.2;854.0;76.25516546915088;1314.7335963701062;22.0
170.38;76.2;896.0;76.25799489038455;1307.8338089065523;22.0
170.55;76.2;863.0;76.29225344789606;1301.4234961488144;22.0
170.71;76.3;852.0;76.34465121781199;1294.474475746226;22.0
170.88;76.3;793.0;76.38601986028871;1285.4990742859698;22.0
171.05;76.3;813.0;76.39847791597661;1276.7900250051164;22.0
171.21;76.3;839.0;76.40260091113693;1268.2660788166634;22.0
171.38;76.3;824.0;76.45058635500524;1261.1511392132531;22.0
171.55;76.4;863.0;76.41886320157897;1253.4140735909034;22.0
171.71;76.4;831.0;76.472953718827;1247.5253828453112;22.0
171.88;76.3;850.0;76.45952132045069;1240.2593534297437;22.0
172.05;76.4;861.0;76.48168746256707;1235.249394299666;22.0
172.21;76.4;858.0;76.49260386975442;1229.9761954126636;22.0
172.38;76.4;884.0;76.49565293588725;1225.5015151884604;22.0
172.55;76.4;883.0;76.51375842180346;1221.4227966953624;22.0
172.71;76.4;904.0;76.50220856200586;1217.350352341495;22.0
172.88;76.5;850.0;76.5451969527173;1214.1102006044516;22.0
173.05;76.5;833.0;76.57393385622036;1208.7028862854013;22.0
173.21;76.5;832.0;76.58702067653017;1202.5167497225018;22.0
173.38;76.5;848.0;76.59088098197637;1196.8263976567257;22.0
173.55;76.5;878.0;76.5916504151611;1192.4207081129234;22.0
173.71;76.5;895.0;76.59153561144065;1188.6145008107922;22.0
173.88;76.6;890.0;76.60022157315939;1185.7754740460564;22.0
174.05;76.6;874.0;76.62813187932454;1181.7209678923628;22.0
174.21;76.5;851.0;76.65121641408935;1177.1999881260137;22.0
174.38;76.6;918.0;76.61424193057788;1172.958843084478;22.0
174.55;76.6;897.0;76.63964290937963;1171.6543335798854;22.0
174.71;76.6;863.0;76.66966572951743;1169.209547659745;22.0
174.88;76.6;862.0;76.6814338153322;1164.834762977474;22.0
175.05;76.6;873.0;76.68501229663937;1160.6247325021775;22.0
175.21;76.6;888.0;76.68583518811944;1157.111254752332;22.0
175.38;76.6;899.0;76.68579519961354;1154.3796596447855;22.0
175.55;76.6;908.0;76.68553256936771;1152.2619918535383;22.0
175.71;76.6;915.0;76.68525021810115;1150.6330914278667;22.0
175.88;76.6;864.0;76.68502777994856;1149.5706815156748;22.0
176.05;76.6;868.0;76.68482717340089;1148.5953488760542;22.0
176.21;76.6;872.0;76.68467026894632;1147.8479260480074;22.0
176.38;76.6;859.0;76.69852519486635;1147.1099335587758;22.0
176.55;76.7;837.0;76.71901973018603;1145.5896245033625;22.0
176.71;76.7;788.0;76.76158367089853;1142.338405332729;22.0
176.88;76.7;772.0;76.77570485178295;1137.2706059185764;22.0
177.05;76.7;781.0;76.78001122150442;1132.350188112956;22.0
177.21;76.7;808.0;76.78098252463028;1128.604157025741;22.0
177.38;76.7;833.0;76.77563390147535;1125.346684553967;22.0
177.55;76.7;836.0;76.77066638818914;1123.0452675072033;22.0
177.71;76.8;847.0;76.77698560865073;1121.4041366764918;22.0
177.88;76.8;840.0;76.78330580295619;1119.4869012702693;22.0
178.05;76.8;806.0;76.81317610440382;1116.965760679317;22.0
178.21;76.7;837.0;76.79470138422572;1113.874165614131;22.0
178.38;76.7;836.0;76.81543515323206;1112.757449892111;22.0
178.55;76.7;848.0;76.80378794333313;1110.8471273923462;22.0
178.71;76.7;816.0;76.84293877525432;1109.067827061259;22.0
178.88;76.8;845.0;76.8245007174026;1106.4837363511324;22.0
179.05;76.7;802.0;76.85932692794657;1104.2510526016279;22.0
179.21;76.8;800.0;76.86675029368413;1100.7649605138722;22.0
179.38;76.8;846.0;76.85526136059553;1097.2943955889482;22.0
179.55;76.8;845.0;76.86057652038642;1095.176993446753;22.0
179.71;76.8;880.0;76.84547534593571;1093.4681801775882;22.0
179.88;76.7;889.0;76.8320706601874;1092.776161448488;22.0
180.05;76.7;875.0;76.85481360030747;1093.2770299976683;22.0
180.21;76.8;897.0;76.84279510085719;1092.5649083013082;22.0
180.38;76.7;894.0;76.84596283258072;1092.2123051692245;22.0
180.55;76.7;906.0;76.83698348311712;1092.6431698920126;22.0
180.71;76.8;914.0;76.83196675224038;1092.91564634149;22.0
180.88;76.8;841.0;76.83488920440645;1093.3894604302138;22.0
181.05;76.8;884.0;76.81972097435155;1094.467022221981;22.0
181.21;76.8;883.0;76.79888659797265;1095.8413876471836;22.0
181.38;76.7;888.0;76.79318382664894;1098.2408569895074;22.0
181.55;76.7;864.0;76.8268697194648;1100.3783406058958;22.0
181.71;76.8;888.0;76.80611185778332;1100.6719433134206;22.0
181.88;76.8;888.0;76.80509142676824;1101.2926854794216;22.0
182.05;76.7;851.0;76.82102663727427;1101.5665644488558;22.0
182.21;76.7;892.0;76.79200516847861;1101.7772444697741;22.0
182.38;76.8;891.0;76.81718772020963;1103.628929258847;22.0
182.55;76.7;849.0;76.83754435199101;1103.605422220617;22.0
182.72;76.7;820.0;76.84449557886298;1102.1678215536094;22.0
182.88;76.8;859.0;76.83854752011545;1100.6566124597857;22.0
183.05;76.8;834.0;76.85337854503084;1099.4913398966764;22.0
183.22;76.8;868.0;76.82111254030858;1097.2094870924664;22.0
183.38;76.7;879.0;76.83758347373144;1097.5731305647491;22.0
183.55;76.8;874.0;76.84073568757333;1097.191523863733;22.0
183.72;76.8;867.0;76.83677891893558;1095.9891589302797;22.0
183.88;76.8;863.0;76.84093395146755;1095.225184859506;22.0
184.05;76.8;880.0;76.8487437871885;1094.4169761398566;22.0
184.22;76.8;863.0;76.86053139170659;1093.6724584430776;22.0
184.38;76.8;853.0;76.87032083459354;1092.1757424362006;22.0
184.55;76.7;884.0;76.85497834029748;1090.8445842682956;22.0
184.72;76.8;923.0;76.83079151271346;1091.1635699873004;22.0
184.88;76.8;871.0;76.85994643458088;1092.057583143595;22.0
185.05;76.8;859.0;76.86999811352848;1090.947660681878;22.0
185.22;76.8;860.0;76.87330406776883;1089.3946176294567;22.0
185.38;76.7;955.0;76.81703874965616;1088.5340285869272;22.0
185.55;76.8;964.0;76.80443700548018;1091.40183413411;22.0
185.72;76.7;878.0;76.85102609162483;1093.851474796601;22.0
185.88;76.8;861.0;76.86322802939807;1093.1662455254818;22.0
186.05;76.8;854.0;76.87120326584679;1091.590779645167;22.0
186.22;76.8;847.0;76.83989003539881;1090.5088886588665;22.0
186.38;76.8;884.0;76.84037242236141;1091.5076804914365;22.0
186.55;76.8;840.0;76.83763869593244;1092.0143110092802;22.0
186.72;76.8;850.0;76.83510554264487;1092.3119434953107;22.0
186.88;76.8;869.0;76.82469441644909;1092.9867211223109;22.0
187.05;76.8;847.0;76.84390024171836;1093.908494730713;22.0
187.22;76.7;815.0;76.83748630722171;1093.2433468010404;22.0
187.38;76.8;841.0;76.85420245282397;1093.4984510430113;22.0
